{"val/loss":4.997676610946655,"train/loss":5.863402626514435,"final/train_mae":5.864865312576294,"final/val_rmse":5.837984739700662,"final/val_r2":-0.02656824761981369,"_step":99,"train/rmse":2.4214463914186566,"final/test_mae":3.8030904020581926,"_runtime":1050.633316376,"_timestamp":1.7624110397587848e+09,"final/train_r2":-0.0009552311080807119,"learning_rate":0.01,"final/test_r2":-0.4986880370339357,"final/train_rmse":7.742558284640998,"val/rmse":2.2355483915466143,"epoch":99,"final/val_mae":4.987836718559265,"_wandb":{"runtime":1050},"final/test_rmse":4.687004793106635}