{"_runtime":128.716033233,"val/rmse":4.963230354123784,"val/loss":24.633655548095703,"_timestamp":1.762322795118293e+09,"_wandb":{"runtime":128},"train/loss":5.333020210266113,"train/rmse":2.3093332826307496,"epoch":16,"_step":16,"learning_rate":0.000125}