{"final/test_r2":-0.34067351100985377,"train/loss":60.391612972617146,"val/loss":35.183054900169374,"final/train_rmse":7.771200767906577,"epoch":49,"train/rmse":7.771204087695622,"final/val_mae":5.1632839918136595,"_runtime":539.935542931,"final/val_rmse":5.931530607394652,"final/train_mae":5.94164199590683,"_wandb":{"runtime":539},"final/test_mae":3.669082862990243,"_step":49,"learning_rate":4.80567855284595e-07,"final/train_r2":-0.008374709886654896,"_timestamp":1.762422735452093e+09,"final/val_r2":-0.05973058272468568,"final/test_rmse":4.433036342040704,"val/rmse":5.931530569774497}