{"epoch":99,"train/rmse":2.421068952986748,"_timestamp":1.762421764639349e+09,"final/train_r2":-0.0010004490628507945,"val/rmse":2.23527237804813,"train/loss":5.861574875116348,"_runtime":1039.32169618,"val/loss":4.996442604064941,"_step":99,"final/train_rmse":7.742733166936217,"final/train_mae":5.864417657852173,"final/test_mae":3.8014916351863315,"final/test_rmse":4.683779183133576,"final/val_mae":4.988955855369568,"final/val_rmse":5.838887555173598,"learning_rate":0.01,"final/test_r2":-0.49662594414398353,"final/val_r2":-0.02688577957714222,"_wandb":{"runtime":1039}}