{"final/val_mae":4.985922956466675,"final/test_r2":-0.5022241855065632,"final/train_rmse":7.742268591844771,"final/val_rmse":5.83645300191244,"learning_rate":0.01,"train/loss":5.865572483539581,"train/rmse":2.4218943997498283,"_step":99,"final/test_rmse":4.692531019849173,"val/rmse":2.234773485622974,"final/train_mae":5.86563081741333,"final/train_r2":-0.0008803297422941281,"final/val_r2":-0.02602962781725071,"_timestamp":1.7624025770995758e+09,"_runtime":1100.944117107,"val/loss":4.994212532043457,"final/test_mae":3.80582434790475,"_wandb":{"runtime":1100},"epoch":99}