{"final/train_r2":-0.006908015450720395,"final/val_mae":3.3956930160522463,"final/train_mae":5.378894403245714,"epoch":99,"_wandb":{"runtime":493},"val/loss":3.395740509033203,"final/test_r2":-0.4790973982322255,"learning_rate":1.220703125e-06,"_timestamp":1.7623250782394545e+09,"train/loss":5.378883091608683,"final/test_rmse":4.6562700897367915,"_runtime":493.838074786,"final/train_rmse":7.0622243752800395,"train/rmse":2.3192419217513045,"_step":99,"final/val_rmse":4.4442366097389705,"val/rmse":1.8427535128261736,"final/val_r2":-1.3969950295320555,"final/test_mae":3.787765230451311}